{
  "projects": [{
      "name": "Project Alpha",
      "link": "https://hp.com",
      "image": "https://unsplash.it/350/250",
      "description": "Lorem ipsum dolor sit amet, consectetur adipisicing elit, sed do eiusmod tempor incididunt ut labore.",
      "type": "type1",
      "icon": "<i class='fa fa-window fa-fw fa-2x'></i>"
    },
    {
      "name": "Project Beta",
      "link": "https://hp.com",
      "image": "https://unsplash.it/350/250",
      "description": "Lorem ipsum dolor sit amet, consectetur adipisicing elit, sed do eiusmod tempor incididunt ut labore.",
      "type": "type1",
      "icon": "<i class='fa fa-window fa-fw fa-2x'></i>"
    },
    {
      "name": "Project Gamma",
      "link": "https://hp.com",
      "image": "https://unsplash.it/350/250",
      "description": "Lorem ipsum dolor sit amet, consectetur adipisicing elit, sed do eiusmod tempor incididunt ut labore.",
      "type": "type1",
      "icon": "<i class='fa fa-window fa-fw fa-2x'></i>"
    },
    {
      "name": "Project Delta",
      "link": "https://hp.com",
      "image": "https://unsplash.it/350/250",
      "description": "Lorem ipsum dolor sit amet, consectetur adipisicing elit, sed do eiusmod tempor incididunt ut labore.",
      "type": "type1",
      "icon": "<i class='fa fa-window fa-fw fa-2x'></i>"
    },
    {
      "name": "Project Epilson",
      "link": "https://hp.com",
      "image": "https://unsplash.it/350/250",
      "description": "Lorem ipsum dolor sit amet, consectetur adipisicing elit, sed do eiusmod tempor incididunt ut labore.",
      "type": "type1",
      "icon": "<i class='fa fa-window fa-fw fa-2x'></i>"
    },
    {
      "name": "Project Zeta",
      "link": "https://hp.com",
      "image": "https://unsplash.it/350/250",
      "description": "Lorem ipsum dolor sit amet, consectetur adipisicing elit, sed do eiusmod tempor incididunt ut labore.",
      "type": "type1",
      "icon": "<i class='fa fa-window fa-fw fa-2x'></i>"
    },
    {
      "name": "Project Eta",
      "link": "https://hp.com",
      "image": "https://unsplash.it/350/250",
      "description": "Lorem ipsum dolor sit amet, consectetur adipisicing elit, sed do eiusmod tempor incididunt ut labore.",
      "type": "type2",
      "icon": "<i class='fa fa-drafting-compass fa-fw fa-2x'></i>"
    },
    {
      "name": "Project Theta",
      "link": "https://hp.com",
      "image": "https://unsplash.it/350/250",
      "description": "Lorem ipsum dolor sit amet, consectetur adipisicing elit, sed do eiusmod tempor incididunt ut labore.",
      "type": "type2",
      "icon": "<i class='fa fa-drafting-compass fa-fw fa-2x'></i>"
    },
    {
      "name": "Project Iota",
      "link": "https://hp.com",
      "image": "https://unsplash.it/350/250",
      "description": "Lorem ipsum dolor sit amet, consectetur adipisicing elit, sed do eiusmod tempor incididunt ut labore.",
      "type": "type2",
      "icon": "<i class='fa fa-drafting-compass fa-fw fa-2x'></i>"
    },
    {
      "name": "Project Kappa",
      "link": "https://hp.com",
      "image": "https://unsplash.it/350/250",
      "description": "Lorem ipsum dolor sit amet, consectetur adipisicing elit, sed do eiusmod tempor incididunt ut labore.",
      "type": "type2",
      "icon": "<i class='fa fa-drafting-compass fa-fw fa-2x'></i>"
    },
    {
      "name": "Project Lambda",
      "link": "https://hp.com",
      "image": "https://unsplash.it/350/250",
      "description": "Lorem ipsum dolor sit amet, consectetur adipisicing elit, sed do eiusmod tempor incididunt ut labore.",
      "type": "type2",
      "icon": "<i class='fa fa-drafting-compass fa-fw fa-2x'></i>"
    },
    {
      "name": "Project Mu",
      "link": "https://hp.com",
      "image": "https://unsplash.it/350/250",
      "description": "Lorem ipsum dolor sit amet, consectetur adipisicing elit, sed do eiusmod tempor incididunt ut labore.",
      "type": "type2",
      "icon": "<i class='fa fa-drafting-compass fa-fw fa-2x'></i>"
    },
    {
      "name": "Project Nu",
      "link": "https://hp.com",
      "image": "https://unsplash.it/350/250",
      "description": "Lorem ipsum dolor sit amet, consectetur adipisicing elit, sed do eiusmod tempor incididunt ut labore.",
      "type": "type3",
      "icon": "<i class='fa fa-chess-knight fa-fw fa-2x'></i>"
    },
    {
      "name": "Project Xi",
      "link": "https://hp.com",
      "image": "https://unsplash.it/350/250",
      "description": "Lorem ipsum dolor sit amet, consectetur adipisicing elit, sed do eiusmod tempor incididunt ut labore.",
      "type": "type3",
      "icon": "<i class='fa fa-chess-knight fa-fw fa-2x'></i>"
    },
    {
      "name": "Project Omicron",
      "link": "https://hp.com",
      "image": "https://unsplash.it/350/250",
      "description": "Lorem ipsum dolor sit amet, consectetur adipisicing elit, sed do eiusmod tempor incididunt ut labore.",
      "type": "type3",
      "icon": "<i class='fa fa-chess-knight fa-fw fa-2x'></i>"
    },
    {
      "name": "Project Pi",
      "link": "https://hp.com",
      "image": "https://unsplash.it/350/250",
      "description": "Lorem ipsum dolor sit amet, consectetur adipisicing elit, sed do eiusmod tempor incididunt ut labore.",
      "type": "type3",
      "icon": "<i class='fa fa-chess-knight fa-fw fa-2x'></i>"
    },
    {
      "name": "Project Rho",
      "link": "https://hp.com",
      "image": "https://unsplash.it/350/250",
      "description": "Lorem ipsum dolor sit amet, consectetur adipisicing elit, sed do eiusmod tempor incididunt ut labore.",
      "type": "type3",
      "icon": "<i class='fa fa-chess-knight fa-fw fa-2x'></i>"
    },
    {
      "name": "Project Sigma",
      "link": "https://hp.com",
      "image": "https://unsplash.it/350/250",
      "description": "Lorem ipsum dolor sit amet, consectetur adipisicing elit, sed do eiusmod tempor incididunt ut labore.",
      "type": "type3",
      "icon": "<i class='fa fa-chess-knight fa-fw fa-2x'></i>"
    },
    {
      "name": "Project Tau",
      "link": "https://hp.com",
      "image": "https://unsplash.it/350/250",
      "description": "Lorem ipsum dolor sit amet, consectetur adipisicing elit, sed do eiusmod tempor incididunt ut labore.",
      "type": "type3",
      "icon": "<i class='fa fa-chess-knight fa-fw fa-2x'></i>"
    },
    {
      "name": "Project Upsilon",
      "link": "https://hp.com",
      "image": "https://unsplash.it/350/250",
      "description": "Lorem ipsum dolor sit amet, consectetur adipisicing elit, sed do eiusmod tempor incididunt ut labore.",
      "type": "type3",
      "icon": "<i class='fa fa-chess-knight fa-fw fa-2x'></i>"
    },
    {
      "name": "Project Phi",
      "link": "https://hp.com",
      "image": "https://unsplash.it/350/250",
      "description": "Lorem ipsum dolor sit amet, consectetur adipisicing elit, sed do eiusmod tempor incididunt ut labore.",
      "type": "type4",
      "icon": "<i class='fa fa-lightbulb-on fa-fw fa-2x'></i>"
    },
    {
      "name": "Project Chi",
      "link": "https://hp.com",
      "image": "https://unsplash.it/350/250",
      "description": "Lorem ipsum dolor sit amet, consectetur adipisicing elit, sed do eiusmod tempor incididunt ut labore.",
      "type": "type4",
      "icon": "<i class='fa fa-lightbulb-on fa-fw fa-2x'></i>"
    },
    {
      "name": "Project Psi",
      "link": "https://hp.com",
      "image": "https://unsplash.it/350/250",
      "description": "Lorem ipsum dolor sit amet, consectetur adipisicing elit, sed do eiusmod tempor incididunt ut labore.",
      "type": "type2",
      "icon": "<i class='fa fa-drafting-compass fa-fw fa-2x'></i>"
    },
    {
      "name": "Project Omega",
      "link": "https://hp.com",
      "image": "https://unsplash.it/350/250",
      "description": "Lorem ipsum dolor sit amet, consectetur adipisicing elit, sed do eiusmod tempor incididunt ut labore.",
      "type": "type4",
      "icon": "<i class='fa fa-lightbulb-on fa-fw fa-2x'></i>"
    }
  ]
}
